{"cameraMode":{"drawMode":0,"name":"Shaded","section":"Shading Mode"},"sceneLighting":true,"audioPlay":false,"sceneViewState":{"m_AlwaysRefresh":false,"showFog":true,"showSkybox":true,"showFlares":true,"showImageEffects":true,"showParticleSystems":true,"showVisualEffectGraphs":true,"m_FxEnabled":true},"in2DMode":false,"pivot":{"x":620.6136474609375,"y":211.35052490234376,"z":241.8972625732422},"rotation":{"x":-0.18541303277015687,"y":0.7820389270782471,"z":-0.27470695972442629,"w":-0.5278171300888062},"size":50.756927490234378,"orthographic":true}